Product_Category_Id,Product_Name,Unit_Price
73,Coffee Maker,39.99
73,Coffee Maker,39.99
73,Coffee Maker,39.99
73,Coffee Maker,39.99
73,Coffee Maker,39.99
73,Coffee Maker,39.99
73,Coffee Maker,39.99
73,Coffee Maker,39.99
73,Coffee Maker,39.99
73,Coffee Maker,39.99
73,Coffee Maker,39.99
73,Coffee Maker,39.99
73,Coffee Maker,39.99
73,Coffee Maker,39.99
73,Coffee Maker,39.99
73,Coffee Maker,39.99
73,Coffee Maker,39.99
73,Coffee Maker,39.99
73,Coffee Maker,39.99
73,Coffee Maker,39.99
73,Coffee Maker,39.99
73,Coffee Maker,39.99
73,Coffee Maker,39.99
73,Coffee Maker,39.99
73,Coffee Maker,39.99
73,Coffee Maker,39.99
73,Coffee Maker,39.99
73,Coffee Maker,39.99
73,Coffee Maker,39.99
73,Coffee Maker,39.99
73,Coffee Maker,39.99
73,Coffee Maker,39.99
73,Coffee Maker,39.99
73,Coffee Maker,39.99
73,Coffee Maker,39.99
73,Coffee Maker,39.99
73,Coffee Maker,39.99
73,Coffee Maker,39.99
73,Coffee Maker,39.99
73,Coffee Maker,39.99
73,Coffee Maker,39.99
73,Coffee Maker,39.99
73,Coffee Maker,39.99
73,Coffee Maker,39.99
73,Coffee Maker,39.99
73,Coffee Maker,39.99
73,Coffee Maker,39.99
73,Coffee Maker,39.99
73,Coffee Maker,39.99
73,Coffee Maker,39.99
73,Coffee Maker,39.99
73,Coffee Maker,39.99
73,Coffee Maker,39.99
73,Coffee Maker,39.99
73,Coffee Maker,39.99
73,Coffee Maker,39.99
73,Coffee Maker,39.99
73,Coffee Maker,39.99
73,Coffee Maker,39.99
73,Coffee Maker,39.99
73,Coffee Maker,39.99
73,Coffee Maker,39.99
73,Coffee Maker,39.99
73,Coffee Maker,39.99
73,Coffee Maker,39.99
73,Coffee Maker,39.99
73,Coffee Maker,39.99
73,Coffee Maker,39.99
68,Computer Desk,149
68,Computer Desk,149
68,Computer Desk,149
68,Computer Desk,149
68,Computer Desk,149
68,Computer Desk,149
68,Computer Desk,149
68,Computer Desk,149
68,Computer Desk,149
68,Computer Desk,149
68,Computer Desk,149
68,Computer Desk,149
67,Office Chair,129.99
67,Office Chair,129.99
67,Office Chair,129.99
68,Computer Desk,149
68,Computer Desk,149
68,Computer Desk,149
68,Computer Desk,149
68,Computer Desk,149
68,Computer Desk,149
67,Office Chair,129.99
68,Computer Desk,149
68,Computer Desk,149
68,Computer Desk,149
68,Computer Desk,149
68,Computer Desk,149
68,Computer Desk,149
68,Computer Desk,149
68,Computer Desk,149
68,Computer Desk,149
67,Office Chair,129.99
68,Computer Desk,149
68,Computer Desk,149
68,Computer Desk,149
68,Computer Desk,149
68,Computer Desk,149
68,Computer Desk,149
68,Computer Desk,149
67,Office Chair,129.99
68,Computer Desk,149
68,Computer Desk,149
68,Computer Desk,149
68,Computer Desk,149
68,Computer Desk,149
68,Computer Desk,149
68,Computer Desk,149
68,Computer Desk,149
68,Computer Desk,149
68,Computer Desk,149
68,Computer Desk,149
67,Office Chair,129.99
68,Computer Desk,149
68,Computer Desk,149
68,Computer Desk,149
68,Computer Desk,149
68,Computer Desk,149
68,Computer Desk,149
68,Computer Desk,149
68,Computer Desk,149
68,Computer Desk,149
68,Computer Desk,149
68,Computer Desk,149
68,Computer Desk,149
68,Computer Desk,149
68,Computer Desk,149
68,Computer Desk,149
68,Computer Desk,149
73,Coffee Maker,39.99
73,Coffee Maker,39.99
73,Coffee Maker,39.99
73,Coffee Maker,39.99
73,Coffee Maker,39.99
73,Coffee Maker,39.99
73,Coffee Maker,39.99
73,Coffee Maker,39.99
73,Coffee Maker,39.99
73,Coffee Maker,39.99
73,Coffee Maker,39.99
73,Coffee Maker,39.99
73,Coffee Maker,39.99
73,Coffee Maker,39.99
73,Coffee Maker,39.99
73,Coffee Maker,39.99
73,Coffee Maker,39.99
73,Coffee Maker,39.99
73,Coffee Maker,39.99
73,Coffee Maker,39.99
73,Coffee Maker,39.99
73,Coffee Maker,39.99
73,Coffee Maker,39.99
73,Coffee Maker,39.99
73,Coffee Maker,39.99
73,Coffee Maker,39.99
73,Coffee Maker,39.99
73,Coffee Maker,39.99
73,Coffee Maker,39.99
73,Coffee Maker,39.99
73,Coffee Maker,39.99
73,Coffee Maker,39.99
73,Coffee Maker,39.99
73,Coffee Maker,39.99
73,Coffee Maker,39.99
73,Coffee Maker,39.99
74,Smart Plug,14.99
74,Smart Plug,14.99
74,Smart Plug,14.99
74,Smart Plug,14.99
74,Smart Plug,14.99
74,Smart Plug,14.99
74,Smart Plug,14.99
74,Smart Plug,14.99
74,Smart Plug,14.99
74,Smart Plug,14.99
74,Smart Plug,14.99
74,Smart Plug,14.99
74,Smart Plug,14.99
74,Smart Plug,14.99
74,Smart Plug,14.99
74,Smart Plug,14.99
74,Smart Plug,14.99
74,Smart Plug,14.99
74,Smart Plug,14.99
74,Smart Plug,14.99
74,Smart Plug,14.99
74,Smart Plug,14.99
74,Smart Plug,14.99
74,Smart Plug,14.99
74,Smart Plug,14.99
74,Smart Plug,14.99
74,Smart Plug,14.99
74,Smart Plug,14.99
74,Smart Plug,14.99
74,Smart Plug,14.99
74,Smart Plug,14.99
74,Smart Plug,14.99
74,Smart Plug,14.99
74,Smart Plug,14.99
74,Smart Plug,14.99
74,Smart Plug,14.99
74,Smart Plug,14.99
74,Smart Plug,14.99
74,Smart Plug,14.99
74,Smart Plug,14.99
74,Smart Plug,14.99
74,Smart Plug,14.99
74,Smart Plug,14.99
74,Smart Plug,14.99
74,Smart Plug,14.99
74,Smart Plug,14.99
74,Smart Plug,14.99
74,Smart Plug,14.99
74,Smart Plug,14.99
74,Smart Plug,14.99
74,Smart Plug,14.99
74,Smart Plug,14.99
74,Smart Plug,14.99
74,Smart Plug,14.99
74,Smart Plug,14.99
74,Smart Plug,14.99
74,Smart Plug,14.99
74,Smart Plug,14.99
74,Smart Plug,14.99
74,Smart Plug,14.99
74,Smart Plug,14.99
74,Smart Plug,14.99
74,Smart Plug,14.99
74,Smart Plug,14.99
74,Smart Plug,14.99
74,Smart Plug,14.99
74,Smart Plug,14.99
74,Smart Plug,14.99
74,Smart Plug,14.99
74,Smart Plug,14.99
74,Smart Plug,14.99
74,Smart Plug,14.99
74,Smart Plug,14.99
74,Smart Plug,14.99
74,Smart Plug,14.99
74,Smart Plug,14.99
74,Smart Plug,14.99
74,Smart Plug,14.99
74,Smart Plug,14.99
74,Smart Plug,14.99
74,Smart Plug,14.99
74,Smart Plug,14.99
74,Smart Plug,14.99
74,Smart Plug,14.99
74,Smart Plug,14.99
74,Smart Plug,14.99
74,Smart Plug,14.99
74,Smart Plug,14.99
74,Smart Plug,14.99
74,Smart Plug,14.99
74,Smart Plug,14.99
74,Smart Plug,14.99
74,Smart Plug,14.99
74,Smart Plug,14.99
74,Smart Plug,14.99
74,Smart Plug,14.99
74,Smart Plug,14.99
74,Smart Plug,14.99
74,Smart Plug,14.99
74,Smart Plug,14.99
74,Smart Plug,14.99
74,Smart Plug,14.99
74,Smart Plug,14.99
74,Smart Plug,14.99
74,Smart Plug,14.99
74,Smart Plug,14.99
74,Smart Plug,14.99
74,Smart Plug,14.99
74,Smart Plug,14.99
74,Smart Plug,14.99
74,Smart Plug,14.99
74,Smart Plug,14.99
74,Smart Plug,14.99
74,Smart Plug,14.99
74,Smart Plug,14.99
74,Smart Plug,14.99
74,Smart Plug,14.99
74,Smart Plug,14.99
74,Smart Plug,14.99
74,Smart Plug,14.99
74,Smart Plug,14.99
74,Smart Plug,14.99
74,Smart Plug,14.99
74,Smart Plug,14.99
74,Smart Plug,14.99
74,Smart Plug,14.99
74,Smart Plug,14.99
74,Smart Plug,14.99
74,Smart Plug,14.99
74,Smart Plug,14.99
74,Smart Plug,14.99
74,Smart Plug,14.99
74,Smart Plug,14.99
74,Smart Plug,14.99
74,Smart Plug,14.99
74,Smart Plug,14.99
74,Smart Plug,14.99
74,Smart Plug,14.99
74,Smart Plug,14.99
74,Smart Plug,14.99
74,Smart Plug,14.99
74,Smart Plug,14.99
74,Smart Plug,14.99
74,Smart Plug,14.99
74,Smart Plug,14.99
74,Smart Plug,14.99
74,Smart Plug,14.99
74,Smart Plug,14.99
74,Smart Plug,14.99
74,Smart Plug,14.99
74,Smart Plug,14.99
74,Smart Plug,14.99
74,Smart Plug,14.99
74,Smart Plug,14.99
74,Smart Plug,14.99
74,Smart Plug,14.99
74,Smart Plug,14.99
74,Smart Plug,14.99
74,Smart Plug,14.99
74,Smart Plug,14.99
74,Smart Plug,14.99
74,Smart Plug,14.99
74,Smart Plug,14.99
74,Smart Plug,14.99
74,Smart Plug,14.99
74,Smart Plug,14.99
74,Smart Plug,14.99
74,Smart Plug,14.99
74,Smart Plug,14.99
74,Smart Plug,14.99
74,Smart Plug,14.99
74,Smart Plug,14.99
74,Smart Plug,14.99
74,Smart Plug,14.99
74,Smart Plug,14.99
74,Smart Plug,14.99
74,Smart Plug,14.99
74,Smart Plug,14.99
74,Smart Plug,14.99
74,Smart Plug,14.99
74,Smart Plug,14.99
74,Smart Plug,14.99
74,Smart Plug,14.99
74,Smart Plug,14.99
74,Smart Plug,14.99
74,Smart Plug,14.99
74,Smart Plug,14.99
74,Smart Plug,14.99
74,Smart Plug,14.99
74,Smart Plug,14.99
74,Smart Plug,14.99
74,Smart Plug,14.99
74,Smart Plug,14.99
74,Smart Plug,14.99
74,Smart Plug,14.99
74,Smart Plug,14.99
74,Smart Plug,14.99
74,Smart Plug,14.99
74,Smart Plug,14.99
74,Smart Plug,14.99
74,Smart Plug,14.99
74,Smart Plug,14.99
74,Smart Plug,14.99
74,Smart Plug,14.99
74,Smart Plug,14.99
74,Smart Plug,14.99
74,Smart Plug,14.99
74,Smart Plug,14.99
74,Smart Plug,14.99
74,Smart Plug,14.99
74,Smart Plug,14.99
74,Smart Plug,14.99
74,Smart Plug,14.99
74,Smart Plug,14.99
74,Smart Plug,14.99
74,Smart Plug,14.99
74,Smart Plug,14.99
74,Smart Plug,14.99
74,Smart Plug,14.99
74,Smart Plug,14.99
74,Smart Plug,14.99
74,Smart Plug,14.99
74,Smart Plug,14.99
74,Smart Plug,14.99
74,Smart Plug,14.99
74,Smart Plug,14.99
74,Smart Plug,14.99
74,Smart Plug,14.99
74,Smart Plug,14.99
74,Smart Plug,14.99
74,Smart Plug,14.99
74,Smart Plug,14.99
74,Smart Plug,14.99
74,Smart Plug,14.99
74,Smart Plug,14.99
74,Smart Plug,14.99
74,Smart Plug,14.99
74,Smart Plug,14.99
75,Armchair,119
75,Armchair,119
75,Armchair,119
75,Armchair,119
75,Armchair,119
75,Armchair,119
75,Armchair,119
75,Armchair,119
75,Armchair,119
75,Armchair,119
75,Armchair,119
75,Armchair,119
75,Armchair,119
75,Armchair,119
74,Smart Plug,14.99
74,Smart Plug,14.99
74,Smart Plug,14.99
74,Smart Plug,14.99
74,Smart Plug,14.99
74,Smart Plug,14.99
74,Smart Plug,14.99
74,Smart Plug,14.99
74,Smart Plug,14.99
74,Smart Plug,14.99
74,Smart Plug,14.99
74,Smart Plug,14.99
74,Smart Plug,14.99
74,Smart Plug,14.99
74,Smart Plug,14.99
74,Smart Plug,14.99
74,Smart Plug,14.99
74,Smart Plug,14.99
74,Smart Plug,14.99
74,Smart Plug,14.99
74,Smart Plug,14.99
74,Smart Plug,14.99
74,Smart Plug,14.99
74,Smart Plug,14.99
74,Smart Plug,14.99
74,Smart Plug,14.99
74,Smart Plug,14.99
74,Smart Plug,14.99
74,Smart Plug,14.99
74,Smart Plug,14.99
74,Smart Plug,14.99
74,Smart Plug,14.99
74,Smart Plug,14.99
74,Smart Plug,14.99
74,Smart Plug,14.99
74,Smart Plug,14.99
74,Smart Plug,14.99
75,Armchair,119
75,Armchair,119
75,Armchair,119
75,Armchair,119
75,Armchair,119
75,Armchair,119
75,Armchair,119
75,Armchair,119
75,Armchair,119
75,Armchair,119
75,Armchair,119
75,Armchair,119
75,Armchair,119
75,Armchair,119
75,Armchair,119
75,Armchair,119
75,Armchair,119
75,Armchair,119
75,Armchair,119
75,Armchair,119
75,Armchair,119
75,Armchair,119
75,Armchair,119
75,Armchair,119
75,Armchair,119
75,Armchair,119
75,Armchair,119
75,Armchair,119
75,Armchair,119
75,Armchair,119
75,Armchair,119
75,Armchair,119
75,Armchair,119
75,Armchair,119
75,Armchair,119
75,Armchair,119
75,Armchair,119
75,Armchair,119
75,Armchair,119
75,Armchair,119
75,Armchair,119
75,Armchair,119
75,Armchair,119
75,Armchair,119
75,Armchair,119
75,Armchair,119
75,Armchair,119
75,Armchair,119
75,Armchair,119
75,Armchair,119
75,Armchair,119
75,Armchair,119
75,Armchair,119
75,Armchair,119
75,Armchair,119
75,Armchair,119
75,Armchair,119
75,Armchair,119
75,Armchair,119
75,Armchair,119
75,Armchair,119
75,Armchair,119
75,Armchair,119
75,Armchair,119
75,Armchair,119
75,Armchair,119
75,Armchair,119
75,Armchair,119
75,Armchair,119
75,Armchair,119
75,Armchair,119
75,Armchair,119
75,Armchair,119
75,Armchair,119
75,Armchair,119
75,Armchair,119
75,Armchair,119
75,Armchair,119
75,Armchair,119
75,Armchair,119
75,Armchair,119
75,Armchair,119
75,Armchair,119
75,Armchair,119
75,Armchair,119
75,Armchair,119
75,Armchair,119
75,Armchair,119
75,Armchair,119
75,Armchair,119
75,Armchair,119
75,Armchair,119
75,Armchair,119
75,Armchair,119
75,Armchair,119
75,Armchair,119
75,Armchair,119
75,Armchair,119
75,Armchair,119
75,Armchair,119
75,Armchair,119
75,Armchair,119
75,Armchair,119
75,Armchair,119
75,Armchair,119
75,Armchair,119
75,Armchair,119
75,Armchair,119
75,Armchair,119
75,Armchair,119
75,Armchair,119
75,Armchair,119
75,Armchair,119
75,Armchair,119
75,Armchair,119
75,Armchair,119
75,Armchair,119
75,Armchair,119
75,Armchair,119
75,Armchair,119
75,Armchair,119
75,Armchair,119
75,Armchair,119
75,Armchair,119
75,Armchair,119
75,Armchair,119
75,Armchair,119
75,Armchair,119
75,Armchair,119
75,Armchair,119
75,Armchair,119
75,Armchair,119
75,Armchair,119
75,Armchair,119
75,Armchair,119
75,Armchair,119
75,Armchair,119
75,Armchair,119
75,Armchair,119
75,Armchair,119
75,Armchair,119
75,Armchair,119
75,Armchair,119
75,Armchair,119
75,Armchair,119
75,Armchair,119
75,Armchair,119
75,Armchair,119
75,Armchair,119
75,Armchair,119
75,Armchair,119
75,Armchair,119
75,Armchair,119
75,Armchair,119
75,Armchair,119
75,Armchair,119
75,Armchair,119
75,Armchair,119
75,Armchair,119
75,Armchair,119
75,Armchair,119
75,Armchair,119
75,Armchair,119
75,Armchair,119
75,Armchair,119
75,Armchair,119
75,Armchair,119
75,Armchair,119
75,Armchair,119
75,Armchair,119
75,Armchair,119
75,Armchair,119
75,Armchair,119
75,Armchair,119
75,Armchair,119
75,Armchair,119
75,Armchair,119
75,Armchair,119
75,Armchair,119
75,Armchair,119
75,Armchair,119
75,Armchair,119
75,Armchair,119
75,Armchair,119
75,Armchair,119
75,Armchair,119
75,Armchair,119
75,Armchair,119
75,Armchair,119
75,Armchair,119
75,Armchair,119
75,Armchair,119
75,Armchair,119
75,Armchair,119
75,Armchair,119
75,Armchair,119
75,Armchair,119
75,Armchair,119
75,Armchair,119
75,Armchair,119
75,Armchair,119
75,Armchair,119
75,Armchair,119
75,Armchair,119
75,Armchair,119
75,Armchair,119
75,Armchair,119
75,Armchair,119
75,Armchair,119
75,Armchair,119
75,Armchair,119
75,Armchair,119
75,Armchair,119
75,Armchair,119
75,Armchair,119
75,Armchair,119
75,Armchair,119
75,Armchair,119
75,Armchair,119
75,Armchair,119
75,Armchair,119
75,Armchair,119
75,Armchair,119
75,Armchair,119
75,Armchair,119
75,Armchair,119
75,Armchair,119
75,Armchair,119
75,Armchair,119
75,Armchair,119
75,Armchair,119
75,Armchair,119
75,Armchair,119
75,Armchair,119
75,Armchair,119
75,Armchair,119
75,Armchair,119
75,Armchair,119
75,Armchair,119
75,Armchair,119
75,Armchair,119
75,Armchair,119
75,Armchair,119
75,Armchair,119
75,Armchair,119
75,Armchair,119
75,Armchair,119
75,Armchair,119
75,Armchair,119
75,Armchair,119
75,Armchair,119
75,Armchair,119
75,Armchair,119
75,Armchair,119
75,Armchair,119
75,Armchair,119
75,Armchair,119
75,Armchair,119
75,Armchair,119
75,Armchair,119
75,Armchair,119
75,Armchair,119
75,Armchair,119
75,Armchair,119
75,Armchair,119
75,Armchair,119
75,Armchair,119
75,Armchair,119
75,Armchair,119
75,Armchair,119
75,Armchair,119
75,Armchair,119
75,Armchair,119
75,Armchair,119
75,Armchair,119
75,Armchair,119
75,Armchair,119
75,Armchair,119
75,Armchair,119
75,Armchair,119
75,Armchair,119
75,Armchair,119
75,Armchair,119
75,Armchair,119
75,Armchair,119
75,Armchair,119
75,Armchair,119
75,Armchair,119
75,Armchair,119
75,Armchair,119
75,Armchair,119
75,Armchair,119
75,Armchair,119
75,Armchair,119
75,Armchair,119
75,Armchair,119
75,Armchair,119
75,Armchair,119
75,Armchair,119
75,Armchair,119
75,Armchair,119
75,Armchair,119
75,Armchair,119
75,Armchair,119
75,Armchair,119
75,Armchair,119
75,Armchair,119
75,Armchair,119
75,Armchair,119
75,Armchair,119
75,Armchair,119
75,Armchair,119
75,Armchair,119
75,Armchair,119
75,Armchair,119
75,Armchair,119
75,Armchair,119
75,Armchair,119
75,Armchair,119
75,Armchair,119
75,Armchair,119
75,Armchair,119
75,Armchair,119
75,Armchair,119
75,Armchair,119
75,Armchair,119
75,Armchair,119
75,Armchair,119
75,Armchair,119
75,Armchair,119
75,Armchair,119
75,Armchair,119
75,Armchair,119
75,Armchair,119
75,Armchair,119
75,Armchair,119
75,Armchair,119
75,Armchair,119
75,Armchair,119
75,Armchair,119
75,Armchair,119
75,Armchair,119
75,Armchair,119
75,Armchair,119
75,Armchair,119
75,Armchair,119
75,Armchair,119
75,Armchair,119
75,Armchair,119
75,Armchair,119
75,Armchair,119
75,Armchair,119
75,Armchair,119
75,Armchair,119
75,Armchair,119
75,Armchair,119
75,Armchair,119
75,Armchair,119
75,Armchair,119
75,Armchair,119
75,Armchair,119
75,Armchair,119
75,Armchair,119
75,Armchair,119
75,Armchair,119
75,Armchair,119
75,Armchair,119
75,Armchair,119
75,Armchair,119
75,Armchair,119
75,Armchair,119
75,Armchair,119
75,Armchair,119
75,Armchair,119
75,Armchair,119
75,Armchair,119
75,Armchair,119
75,Armchair,119
75,Armchair,119
75,Armchair,119
75,Armchair,119
75,Armchair,119
75,Armchair,119
75,Armchair,119
75,Armchair,119
75,Armchair,119
75,Armchair,119
75,Armchair,119
75,Armchair,119
75,Armchair,119
75,Armchair,119
75,Armchair,119
75,Armchair,119
75,Armchair,119
75,Armchair,119
75,Armchair,119
75,Armchair,119
75,Armchair,119
75,Armchair,119
75,Armchair,119
75,Armchair,119
75,Armchair,119
75,Armchair,119
75,Armchair,119
75,Armchair,119
75,Armchair,119
75,Armchair,119
75,Armchair,119
75,Armchair,119
75,Armchair,119
75,Armchair,119
75,Armchair,119
75,Armchair,119
75,Armchair,119
75,Armchair,119
75,Armchair,119
75,Armchair,119
75,Armchair,119
75,Armchair,119
75,Armchair,119
75,Armchair,119
75,Armchair,119
75,Armchair,119
75,Armchair,119
75,Armchair,119
75,Armchair,119
75,Armchair,119
75,Armchair,119
75,Armchair,119
75,Armchair,119
75,Armchair,119
75,Armchair,119
75,Armchair,119
75,Armchair,119
75,Armchair,119
75,Armchair,119
75,Armchair,119
75,Armchair,119
75,Armchair,119
75,Armchair,119
75,Armchair,119
75,Armchair,119
75,Armchair,119
75,Armchair,119
75,Armchair,119
75,Armchair,119
75,Armchair,119
75,Armchair,119
75,Armchair,119
75,Armchair,119
75,Armchair,119
75,Armchair,119
75,Armchair,119
75,Armchair,119
75,Armchair,119
75,Armchair,119
75,Armchair,119
75,Armchair,119
75,Armchair,119
75,Armchair,119
75,Armchair,119
75,Armchair,119
75,Armchair,119
75,Armchair,119
75,Armchair,119
75,Armchair,119
75,Armchair,119
75,Armchair,119
75,Armchair,119
75,Armchair,119
75,Armchair,119
75,Armchair,119
75,Armchair,119
75,Armchair,119
75,Armchair,119
75,Armchair,119
75,Armchair,119
75,Armchair,119
75,Armchair,119
75,Armchair,119
75,Armchair,119
75,Armchair,119
75,Armchair,119
75,Armchair,119
75,Armchair,119
75,Armchair,119
75,Armchair,119
75,Armchair,119
75,Armchair,119
75,Armchair,119
75,Armchair,119
75,Armchair,119
75,Armchair,119
75,Armchair,119
75,Armchair,119
75,Armchair,119
75,Armchair,119
75,Armchair,119
75,Armchair,119
75,Armchair,119
75,Armchair,119
75,Armchair,119
75,Armchair,119
75,Armchair,119
75,Armchair,119
75,Armchair,119
75,Armchair,119
75,Armchair,119
75,Armchair,119
75,Armchair,119
75,Armchair,119
75,Armchair,119
75,Armchair,119
75,Armchair,119
75,Armchair,119
75,Armchair,119
75,Armchair,119
75,Armchair,119
75,Armchair,119
75,Armchair,119
75,Armchair,119
75,Armchair,119
75,Armchair,119
75,Armchair,119
75,Armchair,119
75,Armchair,119
75,Armchair,119
75,Armchair,119
75,Armchair,119
75,Armchair,119
75,Armchair,119
75,Armchair,119
75,Armchair,119
75,Armchair,119
75,Armchair,119
75,Armchair,119
75,Armchair,119
75,Armchair,119
75,Armchair,119
75,Armchair,119
75,Armchair,119
75,Armchair,119
75,Armchair,119
75,Armchair,119
75,Armchair,119
75,Armchair,119
75,Armchair,119
75,Armchair,119
75,Armchair,119
75,Armchair,119
75,Armchair,119
75,Armchair,119
75,Armchair,119
75,Armchair,119
75,Armchair,119
75,Armchair,119
75,Armchair,119
75,Armchair,119
75,Armchair,119
75,Armchair,119
75,Armchair,119
75,Armchair,119
75,Armchair,119
75,Armchair,119
75,Armchair,119
76,USB Hub,16.9
76,USB Hub,16.9
75,Armchair,119
75,Armchair,119
75,Armchair,119
76,USB Hub,16.9
75,Armchair,119
76,USB Hub,16.9
76,USB Hub,16.9
76,USB Hub,16.9
76,USB Hub,16.9
75,Armchair,119
75,Armchair,119
75,Armchair,119
76,USB Hub,16.9
75,Armchair,119
75,Armchair,119
75,Armchair,119
75,Armchair,119
76,USB Hub,16.9
75,Armchair,119
75,Armchair,119
75,Armchair,119
76,USB Hub,16.9
75,Armchair,119
76,USB Hub,16.9
75,Armchair,119
75,Armchair,119
76,USB Hub,16.9
76,USB Hub,16.9
75,Armchair,119
75,Armchair,119
76,USB Hub,16.9
76,USB Hub,16.9
76,USB Hub,16.9
76,USB Hub,16.9
76,USB Hub,16.9
76,USB Hub,16.9
75,Armchair,119
75,Armchair,119
76,USB Hub,16.9
76,USB Hub,16.9
76,USB Hub,16.9
76,USB Hub,16.9
76,USB Hub,16.9
75,Armchair,119
76,USB Hub,16.9
76,USB Hub,16.9
76,USB Hub,16.9
76,USB Hub,16.9
75,Armchair,119
76,USB Hub,16.9
75,Armchair,119
76,USB Hub,16.9
75,Armchair,119
75,Armchair,119
76,USB Hub,16.9
75,Armchair,119
76,USB Hub,16.9
76,USB Hub,16.9
75,Armchair,119
76,USB Hub,16.9
76,USB Hub,16.9
76,USB Hub,16.9
76,USB Hub,16.9
76,USB Hub,16.9
75,Armchair,119
75,Armchair,119
76,USB Hub,16.9
76,USB Hub,16.9
76,USB Hub,16.9
76,USB Hub,16.9
76,USB Hub,16.9
76,USB Hub,16.9
76,USB Hub,16.9
76,USB Hub,16.9
76,USB Hub,16.9
76,USB Hub,16.9
76,USB Hub,16.9
76,USB Hub,16.9
76,USB Hub,16.9
76,USB Hub,16.9
76,USB Hub,16.9
76,USB Hub,16.9
76,USB Hub,16.9
76,USB Hub,16.9
76,USB Hub,16.9
76,USB Hub,16.9
76,USB Hub,16.9
76,USB Hub,16.9
76,USB Hub,16.9
76,USB Hub,16.9
76,USB Hub,16.9
76,USB Hub,16.9
76,USB Hub,16.9
76,USB Hub,16.9
76,USB Hub,16.9
76,USB Hub,16.9
76,USB Hub,16.9
76,USB Hub,16.9
76,USB Hub,16.9
76,USB Hub,16.9
76,USB Hub,16.9
76,USB Hub,16.9
76,USB Hub,16.9
76,USB Hub,16.9
76,USB Hub,16.9
76,USB Hub,16.9
76,USB Hub,16.9
76,USB Hub,16.9
76,USB Hub,16.9
76,USB Hub,16.9
76,USB Hub,16.9
76,USB Hub,16.9
76,USB Hub,16.9
76,USB Hub,16.9
76,USB Hub,16.9
76,USB Hub,16.9
76,USB Hub,16.9
76,USB Hub,16.9
76,USB Hub,16.9
76,USB Hub,16.9
76,USB Hub,16.9
76,USB Hub,16.9
76,USB Hub,16.9
76,USB Hub,16.9
76,USB Hub,16.9
76,USB Hub,16.9
76,USB Hub,16.9
76,USB Hub,16.9
76,USB Hub,16.9
76,USB Hub,16.9
76,USB Hub,16.9
76,USB Hub,16.9
76,USB Hub,16.9
76,USB Hub,16.9
76,USB Hub,16.9
76,USB Hub,16.9
76,USB Hub,16.9
76,USB Hub,16.9
76,USB Hub,16.9
76,USB Hub,16.9
76,USB Hub,16.9
76,USB Hub,16.9
76,USB Hub,16.9
76,USB Hub,16.9
76,USB Hub,16.9
76,USB Hub,16.9
76,USB Hub,16.9
76,USB Hub,16.9
76,USB Hub,16.9
76,USB Hub,16.9
76,USB Hub,16.9
76,USB Hub,16.9
76,USB Hub,16.9
76,USB Hub,16.9
76,USB Hub,16.9
76,USB Hub,16.9
76,USB Hub,16.9
76,USB Hub,16.9
76,USB Hub,16.9
76,USB Hub,16.9
76,USB Hub,16.9
76,USB Hub,16.9
76,USB Hub,16.9
76,USB Hub,16.9
76,USB Hub,16.9
76,USB Hub,16.9
76,USB Hub,16.9
76,USB Hub,16.9
76,USB Hub,16.9
76,USB Hub,16.9
76,USB Hub,16.9
76,USB Hub,16.9
76,USB Hub,16.9
76,USB Hub,16.9
76,USB Hub,16.9
76,USB Hub,16.9
76,USB Hub,16.9
76,USB Hub,16.9
76,USB Hub,16.9
76,USB Hub,16.9
76,USB Hub,16.9
76,USB Hub,16.9
76,USB Hub,16.9
76,USB Hub,16.9
76,USB Hub,16.9
76,USB Hub,16.9
76,USB Hub,16.9
76,USB Hub,16.9
76,USB Hub,16.9
76,USB Hub,16.9
76,USB Hub,16.9
76,USB Hub,16.9
76,USB Hub,16.9
76,USB Hub,16.9
76,USB Hub,16.9
76,USB Hub,16.9
76,USB Hub,16.9
76,USB Hub,16.9
76,USB Hub,16.9
76,USB Hub,16.9
76,USB Hub,16.9
76,USB Hub,16.9
76,USB Hub,16.9
76,USB Hub,16.9
76,USB Hub,16.9
76,USB Hub,16.9
76,USB Hub,16.9
76,USB Hub,16.9
76,USB Hub,16.9
76,USB Hub,16.9
76,USB Hub,16.9
76,USB Hub,16.9
76,USB Hub,16.9
76,USB Hub,16.9
76,USB Hub,16.9
76,USB Hub,16.9
76,USB Hub,16.9
76,USB Hub,16.9
76,USB Hub,16.9
76,USB Hub,16.9
76,USB Hub,16.9
76,USB Hub,16.9
76,USB Hub,16.9
76,USB Hub,16.9
76,USB Hub,16.9
76,USB Hub,16.9
76,USB Hub,16.9
76,USB Hub,16.9
76,USB Hub,16.9
76,USB Hub,16.9
76,USB Hub,16.9
76,USB Hub,16.9
76,USB Hub,16.9
76,USB Hub,16.9
76,USB Hub,16.9
76,USB Hub,16.9
76,USB Hub,16.9
76,USB Hub,16.9
76,USB Hub,16.9
76,USB Hub,16.9
76,USB Hub,16.9
76,USB Hub,16.9
76,USB Hub,16.9
76,USB Hub,16.9
76,USB Hub,16.9
76,USB Hub,16.9
76,USB Hub,16.9
76,USB Hub,16.9
76,USB Hub,16.9
76,USB Hub,16.9
76,USB Hub,16.9
76,USB Hub,16.9
76,USB Hub,16.9
76,USB Hub,16.9
76,USB Hub,16.9
76,USB Hub,16.9
76,USB Hub,16.9
76,USB Hub,16.9
76,USB Hub,16.9
76,USB Hub,16.9
76,USB Hub,16.9
76,USB Hub,16.9
76,USB Hub,16.9
76,USB Hub,16.9
76,USB Hub,16.9
76,USB Hub,16.9
76,USB Hub,16.9
76,USB Hub,16.9
76,USB Hub,16.9
76,USB Hub,16.9
76,USB Hub,16.9
76,USB Hub,16.9
76,USB Hub,16.9
76,USB Hub,16.9
76,USB Hub,16.9
76,USB Hub,16.9
76,USB Hub,16.9
76,USB Hub,16.9
76,USB Hub,16.9
76,USB Hub,16.9
76,USB Hub,16.9
76,USB Hub,16.9
76,USB Hub,16.9
76,USB Hub,16.9
76,USB Hub,16.9
76,USB Hub,16.9
76,USB Hub,16.9
76,USB Hub,16.9
76,USB Hub,16.9
76,USB Hub,16.9
76,USB Hub,16.9
76,USB Hub,16.9
76,USB Hub,16.9
76,USB Hub,16.9
76,USB Hub,16.9
76,USB Hub,16.9
76,USB Hub,16.9
76,USB Hub,16.9
76,USB Hub,16.9
76,USB Hub,16.9
76,USB Hub,16.9
76,USB Hub,16.9
76,USB Hub,16.9
76,USB Hub,16.9
76,USB Hub,16.9
76,USB Hub,16.9
76,USB Hub,16.9
76,USB Hub,16.9
76,USB Hub,16.9
76,USB Hub,16.9
76,USB Hub,16.9
76,USB Hub,16.9
76,USB Hub,16.9
76,USB Hub,16.9
76,USB Hub,16.9
76,USB Hub,16.9
76,USB Hub,16.9
76,USB Hub,16.9
76,USB Hub,16.9
76,USB Hub,16.9
76,USB Hub,16.9
76,USB Hub,16.9
76,USB Hub,16.9
76,USB Hub,16.9
76,USB Hub,16.9
76,USB Hub,16.9
76,USB Hub,16.9
76,USB Hub,16.9
76,USB Hub,16.9
76,USB Hub,16.9
76,USB Hub,16.9
76,USB Hub,16.9
76,USB Hub,16.9
76,USB Hub,16.9
76,USB Hub,16.9
76,USB Hub,16.9
76,USB Hub,16.9
76,USB Hub,16.9
76,USB Hub,16.9
76,USB Hub,16.9
76,USB Hub,16.9
73,Coffee Maker,39.99
76,USB Hub,16.9
76,USB Hub,16.9
76,USB Hub,16.9
76,USB Hub,16.9
76,USB Hub,16.9
76,USB Hub,16.9
76,USB Hub,16.9
75,Armchair,119
76,USB Hub,16.9
76,USB Hub,16.9
76,USB Hub,16.9
76,USB Hub,16.9
76,USB Hub,16.9
76,USB Hub,16.9
76,USB Hub,16.9
76,USB Hub,16.9
76,USB Hub,16.9
76,USB Hub,16.9
76,USB Hub,16.9
76,USB Hub,16.9
76,USB Hub,16.9
76,USB Hub,16.9
76,USB Hub,16.9
76,USB Hub,16.9
74,Smart Plug,14.99
76,USB Hub,16.9
76,USB Hub,16.9
76,USB Hub,16.9
76,USB Hub,16.9
76,USB Hub,16.9
76,USB Hub,16.9
76,USB Hub,16.9
76,USB Hub,16.9
76,USB Hub,16.9
76,USB Hub,16.9
76,USB Hub,16.9
76,USB Hub,16.9
76,USB Hub,16.9
76,USB Hub,16.9
76,USB Hub,16.9
76,USB Hub,16.9
76,USB Hub,16.9
76,USB Hub,16.9
76,USB Hub,16.9
76,USB Hub,16.9
76,USB Hub,16.9
76,USB Hub,16.9
76,USB Hub,16.9
76,USB Hub,16.9
76,USB Hub,16.9
76,USB Hub,16.9
76,USB Hub,16.9
76,USB Hub,16.9
76,USB Hub,16.9
76,USB Hub,16.9
76,USB Hub,16.9
76,USB Hub,16.9
76,USB Hub,16.9
76,USB Hub,16.9
76,USB Hub,16.9
76,USB Hub,16.9
76,USB Hub,16.9
76,USB Hub,16.9
76,USB Hub,16.9
76,USB Hub,16.9
76,USB Hub,16.9
76,USB Hub,16.9
73,Coffee Maker,39.99
73,Coffee Maker,39.99
73,Coffee Maker,39.99
73,Coffee Maker,39.99
73,Coffee Maker,39.99
73,Coffee Maker,39.99
73,Coffee Maker,39.99
73,Coffee Maker,39.99
73,Coffee Maker,39.99
73,Coffee Maker,39.99
73,Coffee Maker,39.99
73,Coffee Maker,39.99
73,Coffee Maker,39.99
73,Coffee Maker,39.99
73,Coffee Maker,39.99
73,Coffee Maker,39.99
73,Coffee Maker,39.99
73,Coffee Maker,39.99
73,Coffee Maker,39.99
73,Coffee Maker,39.99
73,Coffee Maker,39.99
73,Coffee Maker,39.99
73,Coffee Maker,39.99
73,Coffee Maker,39.99
73,Coffee Maker,39.99
73,Coffee Maker,39.99
73,Coffee Maker,39.99
73,Coffee Maker,39.99
73,Coffee Maker,39.99
73,Coffee Maker,39.99
73,Coffee Maker,39.99
73,Coffee Maker,39.99
73,Coffee Maker,39.99
73,Coffee Maker,39.99
73,Coffee Maker,39.99
73,Coffee Maker,39.99
73,Coffee Maker,39.99
73,Coffee Maker,39.99
73,Coffee Maker,39.99
73,Coffee Maker,39.99
73,Coffee Maker,39.99
73,Coffee Maker,39.99
73,Coffee Maker,39.99
73,Coffee Maker,39.99
73,Coffee Maker,39.99
73,Coffee Maker,39.99
73,Coffee Maker,39.99
73,Coffee Maker,39.99
73,Coffee Maker,39.99
73,Coffee Maker,39.99
73,Coffee Maker,39.99
73,Coffee Maker,39.99
73,Coffee Maker,39.99
73,Coffee Maker,39.99
73,Coffee Maker,39.99
73,Coffee Maker,39.99
73,Coffee Maker,39.99
73,Coffee Maker,39.99
73,Coffee Maker,39.99
73,Coffee Maker,39.99
73,Coffee Maker,39.99
73,Coffee Maker,39.99
73,Coffee Maker,39.99
73,Coffee Maker,39.99
73,Coffee Maker,39.99
73,Coffee Maker,39.99
73,Coffee Maker,39.99
73,Coffee Maker,39.99
73,Coffee Maker,39.99
72,Headphones,59
72,Headphones,59
72,Headphones,59
72,Headphones,59
72,Headphones,59
72,Headphones,59
72,Headphones,59
72,Headphones,59
72,Headphones,59
72,Headphones,59
72,Headphones,59
72,Headphones,59
72,Headphones,59
72,Headphones,59
72,Headphones,59
72,Headphones,59
72,Headphones,59
72,Headphones,59
72,Headphones,59
72,Headphones,59
72,Headphones,59
72,Headphones,59
72,Headphones,59
72,Headphones,59
72,Headphones,59
72,Headphones,59
72,Headphones,59
72,Headphones,59
72,Headphones,59
72,Headphones,59
72,Headphones,59
72,Headphones,59
72,Headphones,59
72,Headphones,59
72,Headphones,59
72,Headphones,59
72,Headphones,59
72,Headphones,59
72,Headphones,59
72,Headphones,59
72,Headphones,59
72,Headphones,59
72,Headphones,59
72,Headphones,59
72,Headphones,59
72,Headphones,59
72,Headphones,59
72,Headphones,59
72,Headphones,59
72,Headphones,59
72,Headphones,59
72,Headphones,59
72,Headphones,59
72,Headphones,59
72,Headphones,59
72,Headphones,59
72,Headphones,59
72,Headphones,59
72,Headphones,59
72,Headphones,59
72,Headphones,59
72,Headphones,59
72,Headphones,59
72,Headphones,59
72,Headphones,59
72,Headphones,59
72,Headphones,59
72,Headphones,59
68,Computer Desk,149
69,Desk Lamp,24.99
69,Desk Lamp,24.99
68,Computer Desk,149
68,Computer Desk,149
68,Computer Desk,149
69,Desk Lamp,24.99
69,Desk Lamp,24.99
68,Computer Desk,149
69,Desk Lamp,24.99
69,Desk Lamp,24.99
68,Computer Desk,149
68,Computer Desk,149
68,Computer Desk,149
68,Computer Desk,149
68,Computer Desk,149
69,Desk Lamp,24.99
69,Desk Lamp,24.99
68,Computer Desk,149
68,Computer Desk,149
68,Computer Desk,149
68,Computer Desk,149
69,Desk Lamp,24.99
68,Computer Desk,149
68,Computer Desk,149
69,Desk Lamp,24.99
69,Desk Lamp,24.99
69,Desk Lamp,24.99
69,Desk Lamp,24.99
69,Desk Lamp,24.99
69,Desk Lamp,24.99
69,Desk Lamp,24.99
68,Computer Desk,149
68,Computer Desk,149
68,Computer Desk,149
69,Desk Lamp,24.99
69,Desk Lamp,24.99
69,Desk Lamp,24.99
69,Desk Lamp,24.99
69,Desk Lamp,24.99
69,Desk Lamp,24.99
69,Desk Lamp,24.99
68,Computer Desk,149
68,Computer Desk,149
68,Computer Desk,149
68,Computer Desk,149
69,Desk Lamp,24.99
69,Desk Lamp,24.99
68,Computer Desk,149
69,Desk Lamp,24.99
68,Computer Desk,149
68,Computer Desk,149
68,Computer Desk,149
69,Desk Lamp,24.99
68,Computer Desk,149
68,Computer Desk,149
69,Desk Lamp,24.99
69,Desk Lamp,24.99
69,Desk Lamp,24.99
68,Computer Desk,149
68,Computer Desk,149
68,Computer Desk,149
68,Computer Desk,149
69,Desk Lamp,24.99
68,Computer Desk,149
69,Desk Lamp,24.99
69,Desk Lamp,24.99
69,Desk Lamp,24.99
68,Computer Desk,149
73,Coffee Maker,39.99
73,Coffee Maker,39.99
73,Coffee Maker,39.99
73,Coffee Maker,39.99
73,Coffee Maker,39.99
73,Coffee Maker,39.99
73,Coffee Maker,39.99
73,Coffee Maker,39.99
73,Coffee Maker,39.99
73,Coffee Maker,39.99
73,Coffee Maker,39.99
73,Coffee Maker,39.99
73,Coffee Maker,39.99
73,Coffee Maker,39.99
73,Coffee Maker,39.99
73,Coffee Maker,39.99
73,Coffee Maker,39.99
73,Coffee Maker,39.99
73,Coffee Maker,39.99
73,Coffee Maker,39.99
73,Coffee Maker,39.99
73,Coffee Maker,39.99
73,Coffee Maker,39.99
73,Coffee Maker,39.99
73,Coffee Maker,39.99
73,Coffee Maker,39.99
73,Coffee Maker,39.99
73,Coffee Maker,39.99
73,Coffee Maker,39.99
73,Coffee Maker,39.99
73,Coffee Maker,39.99
73,Coffee Maker,39.99
73,Coffee Maker,39.99
73,Coffee Maker,39.99
73,Coffee Maker,39.99
73,Coffee Maker,39.99
73,Coffee Maker,39.99
73,Coffee Maker,39.99
72,Headphones,59
72,Headphones,59
72,Headphones,59
72,Headphones,59
72,Headphones,59
72,Headphones,59
72,Headphones,59
72,Headphones,59
72,Headphones,59
72,Headphones,59
72,Headphones,59
72,Headphones,59
72,Headphones,59
72,Headphones,59
72,Headphones,59
72,Headphones,59
72,Headphones,59
72,Headphones,59
72,Headphones,59
72,Headphones,59
72,Headphones,59
72,Headphones,59
72,Headphones,59
72,Headphones,59
72,Headphones,59
72,Headphones,59
72,Headphones,59
72,Headphones,59
72,Headphones,59
72,Headphones,59
72,Headphones,59
71,File Cabinet,99
71,File Cabinet,99
71,File Cabinet,99
71,File Cabinet,99
71,File Cabinet,99
71,File Cabinet,99
71,File Cabinet,99
72,Headphones,59
71,File Cabinet,99
71,File Cabinet,99
71,File Cabinet,99
72,Headphones,59
71,File Cabinet,99
71,File Cabinet,99
71,File Cabinet,99
71,File Cabinet,99
72,Headphones,59
71,File Cabinet,99
71,File Cabinet,99
72,Headphones,59
71,File Cabinet,99
71,File Cabinet,99
71,File Cabinet,99
71,File Cabinet,99
71,File Cabinet,99
71,File Cabinet,99
71,File Cabinet,99
71,File Cabinet,99
72,Headphones,59
71,File Cabinet,99
71,File Cabinet,99
71,File Cabinet,99
71,File Cabinet,99
71,File Cabinet,99
71,File Cabinet,99
71,File Cabinet,99
71,File Cabinet,99
71,File Cabinet,99
71,File Cabinet,99
71,File Cabinet,99
72,Headphones,59
72,Headphones,59
71,File Cabinet,99
71,File Cabinet,99
71,File Cabinet,99
72,Headphones,59
71,File Cabinet,99
72,Headphones,59
71,File Cabinet,99
71,File Cabinet,99
71,File Cabinet,99
71,File Cabinet,99
71,File Cabinet,99
71,File Cabinet,99
71,File Cabinet,99
71,File Cabinet,99
71,File Cabinet,99
71,File Cabinet,99
71,File Cabinet,99
71,File Cabinet,99
71,File Cabinet,99
71,File Cabinet,99
71,File Cabinet,99
72,Headphones,59
71,File Cabinet,99
71,File Cabinet,99
71,File Cabinet,99
71,File Cabinet,99
71,File Cabinet,99
69,Desk Lamp,24.99
69,Desk Lamp,24.99
69,Desk Lamp,24.99
69,Desk Lamp,24.99
69,Desk Lamp,24.99
69,Desk Lamp,24.99
69,Desk Lamp,24.99
69,Desk Lamp,24.99
69,Desk Lamp,24.99
69,Desk Lamp,24.99
69,Desk Lamp,24.99
69,Desk Lamp,24.99
69,Desk Lamp,24.99
69,Desk Lamp,24.99
69,Desk Lamp,24.99
69,Desk Lamp,24.99
69,Desk Lamp,24.99
69,Desk Lamp,24.99
69,Desk Lamp,24.99
69,Desk Lamp,24.99
69,Desk Lamp,24.99
69,Desk Lamp,24.99
69,Desk Lamp,24.99
69,Desk Lamp,24.99
69,Desk Lamp,24.99
69,Desk Lamp,24.99
69,Desk Lamp,24.99
69,Desk Lamp,24.99
69,Desk Lamp,24.99
69,Desk Lamp,24.99
69,Desk Lamp,24.99
69,Desk Lamp,24.99
69,Desk Lamp,24.99
69,Desk Lamp,24.99
69,Desk Lamp,24.99
69,Desk Lamp,24.99
69,Desk Lamp,24.99
69,Desk Lamp,24.99
69,Desk Lamp,24.99
69,Desk Lamp,24.99
69,Desk Lamp,24.99
69,Desk Lamp,24.99
69,Desk Lamp,24.99
69,Desk Lamp,24.99
69,Desk Lamp,24.99
69,Desk Lamp,24.99
69,Desk Lamp,24.99
69,Desk Lamp,24.99
69,Desk Lamp,24.99
69,Desk Lamp,24.99
69,Desk Lamp,24.99
69,Desk Lamp,24.99
69,Desk Lamp,24.99
69,Desk Lamp,24.99
69,Desk Lamp,24.99
69,Desk Lamp,24.99
69,Desk Lamp,24.99
69,Desk Lamp,24.99
69,Desk Lamp,24.99
69,Desk Lamp,24.99
69,Desk Lamp,24.99
69,Desk Lamp,24.99
69,Desk Lamp,24.99
69,Desk Lamp,24.99
69,Desk Lamp,24.99
69,Desk Lamp,24.99
69,Desk Lamp,24.99
69,Desk Lamp,24.99
72,Headphones,59
72,Headphones,59
72,Headphones,59
72,Headphones,59
72,Headphones,59
72,Headphones,59
72,Headphones,59
72,Headphones,59
72,Headphones,59
72,Headphones,59
72,Headphones,59
72,Headphones,59
72,Headphones,59
72,Headphones,59
72,Headphones,59
72,Headphones,59
72,Headphones,59
72,Headphones,59
72,Headphones,59
72,Headphones,59
72,Headphones,59
72,Headphones,59
72,Headphones,59
72,Headphones,59
72,Headphones,59
72,Headphones,59
72,Headphones,59
72,Headphones,59
72,Headphones,59
72,Headphones,59
72,Headphones,59
72,Headphones,59
72,Headphones,59
72,Headphones,59
72,Headphones,59
72,Headphones,59
72,Headphones,59
72,Headphones,59
72,Headphones,59
72,Headphones,59
72,Headphones,59
72,Headphones,59
72,Headphones,59
72,Headphones,59
72,Headphones,59
72,Headphones,59
72,Headphones,59
72,Headphones,59
72,Headphones,59
72,Headphones,59
72,Headphones,59
72,Headphones,59
72,Headphones,59
72,Headphones,59
72,Headphones,59
72,Headphones,59
72,Headphones,59
72,Headphones,59
72,Headphones,59
72,Headphones,59
72,Headphones,59
72,Headphones,59
72,Headphones,59
72,Headphones,59
72,Headphones,59
72,Headphones,59
72,Headphones,59
72,Headphones,59
70,Wireless Keyboard,39.99
71,File Cabinet,99
70,Wireless Keyboard,39.99
69,Desk Lamp,24.99
70,Wireless Keyboard,39.99
71,File Cabinet,99
71,File Cabinet,99
71,File Cabinet,99
69,Desk Lamp,24.99
69,Desk Lamp,24.99
69,Desk Lamp,24.99
70,Wireless Keyboard,39.99
71,File Cabinet,99
70,Wireless Keyboard,39.99
69,Desk Lamp,24.99
70,Wireless Keyboard,39.99
70,Wireless Keyboard,39.99
70,Wireless Keyboard,39.99
69,Desk Lamp,24.99
70,Wireless Keyboard,39.99
69,Desk Lamp,24.99
69,Desk Lamp,24.99
69,Desk Lamp,24.99
70,Wireless Keyboard,39.99
71,File Cabinet,99
69,Desk Lamp,24.99
70,Wireless Keyboard,39.99
71,File Cabinet,99
70,Wireless Keyboard,39.99
69,Desk Lamp,24.99
70,Wireless Keyboard,39.99
70,Wireless Keyboard,39.99
70,Wireless Keyboard,39.99
71,File Cabinet,99
71,File Cabinet,99
70,Wireless Keyboard,39.99
70,Wireless Keyboard,39.99
69,Desk Lamp,24.99
69,Desk Lamp,24.99
71,File Cabinet,99
69,Desk Lamp,24.99
70,Wireless Keyboard,39.99
70,Wireless Keyboard,39.99
70,Wireless Keyboard,39.99
71,File Cabinet,99
70,Wireless Keyboard,39.99
71,File Cabinet,99
70,Wireless Keyboard,39.99
69,Desk Lamp,24.99
70,Wireless Keyboard,39.99
71,File Cabinet,99
70,Wireless Keyboard,39.99
71,File Cabinet,99
70,Wireless Keyboard,39.99
70,Wireless Keyboard,39.99
71,File Cabinet,99
69,Desk Lamp,24.99
70,Wireless Keyboard,39.99
69,Desk Lamp,24.99
69,Desk Lamp,24.99
70,Wireless Keyboard,39.99
71,File Cabinet,99
70,Wireless Keyboard,39.99
69,Desk Lamp,24.99
70,Wireless Keyboard,39.99
70,Wireless Keyboard,39.99
71,File Cabinet,99
69,Desk Lamp,24.99
69,Desk Lamp,24.99
72,Headphones,59
72,Headphones,59
72,Headphones,59
72,Headphones,59
72,Headphones,59
72,Headphones,59
72,Headphones,59
72,Headphones,59
72,Headphones,59
72,Headphones,59
72,Headphones,59
72,Headphones,59
72,Headphones,59
